Title,Company,Location,Link
N/A,N/A,N/A,https://www.linkedin.com/login?emailAddress=&fromSignIn=&session_redirect=https%3A%2F%2Fwww.linkedin.com%2Fjobs%2Fsearch%2F%3Fkeywords%3DPython%2520Developer%26location%3DPakistan&trk=public_jobs_job-alert-guest-redirect-cta
Software Engineer-Python/Django,N/A,"Lahore, Punjab, Pakistan",https://pk.linkedin.com/jobs/view/software-engineer-python-django-at-devsinc-4178435065?position=1&pageNum=0&refId=YwIz2hzYBNh2w07%2FrfxG6Q%3D%3D&trackingId=CpaFBSuhoHLenSMZvjdilA%3D%3D
N/A,N/A,N/A,N/A
Junior Python Developer,N/A,"Rawalpindi, Punjab, Pakistan",https://pk.linkedin.com/jobs/view/junior-python-developer-at-translation-empire-pk-4182727075?position=2&pageNum=0&refId=YwIz2hzYBNh2w07%2FrfxG6Q%3D%3D&trackingId=w8kayeAhT6mgRK97%2FrGsdA%3D%3D
Python Develpoer,N/A,"Islamabad, Punjab, Pakistan",https://pk.linkedin.com/jobs/view/python-develpoer-at-ikonic-4188465312?position=3&pageNum=0&refId=YwIz2hzYBNh2w07%2FrfxG6Q%3D%3D&trackingId=5JFTuPZch%2F2GT5YhLbM%2F%2Fw%3D%3D
N/A,N/A,N/A,N/A
"Software Engineer (Python, Django)",N/A,"Karachi Division, Sindh, Pakistan",https://pk.linkedin.com/jobs/view/software-engineer-python-django-at-digitalocean-4145918859?position=4&pageNum=0&refId=YwIz2hzYBNh2w07%2FrfxG6Q%3D%3D&trackingId=iMy6d7hbidEJlk43VmFMCw%3D%3D
N/A,N/A,N/A,N/A
Senior Software Engineer - Python,N/A,"Lahore, Punjab, Pakistan",https://pk.linkedin.com/jobs/view/senior-software-engineer-python-at-devsinc-4182486669?position=5&pageNum=0&refId=YwIz2hzYBNh2w07%2FrfxG6Q%3D%3D&trackingId=1YCPTM9kAhvHts4Yh8tZtA%3D%3D
N/A,N/A,N/A,N/A
Python Developer,N/A,"Islamabad, Islāmābād, Pakistan",https://pk.linkedin.com/jobs/view/python-developer-at-dincloud-pakistan-an-atsg-company-4177185376?position=6&pageNum=0&refId=YwIz2hzYBNh2w07%2FrfxG6Q%3D%3D&trackingId=2GwV%2FROV1CN1zPCKPLn74w%3D%3D
N/A,N/A,N/A,N/A
"Backend Developer, Pakistan",N/A,"Islamabad, Islāmābād, Pakistan",https://pk.linkedin.com/jobs/view/backend-developer-pakistan-at-vinaudit-com-inc-4180077172?position=7&pageNum=0&refId=YwIz2hzYBNh2w07%2FrfxG6Q%3D%3D&trackingId=pNVKtg11gOLPvrxqJxelgg%3D%3D
N/A,N/A,N/A,N/A
Associate Software Engineer- Python/ React,N/A,"Lahore, Punjab, Pakistan",https://pk.linkedin.com/jobs/view/associate-software-engineer-python-react-at-devsinc-4072141673?position=8&pageNum=0&refId=YwIz2hzYBNh2w07%2FrfxG6Q%3D%3D&trackingId=t4K6MDXdyxik6nw2m24sVg%3D%3D
N/A,N/A,N/A,N/A
Senior Software Engineer - Python,N/A,"Islamabad, Islāmābād, Pakistan",https://pk.linkedin.com/jobs/view/senior-software-engineer-python-at-devsinc-4184831623?position=9&pageNum=0&refId=YwIz2hzYBNh2w07%2FrfxG6Q%3D%3D&trackingId=f00Dwsgd95qTKfLfkh9XhA%3D%3D
N/A,N/A,N/A,N/A
Trainee Back-End Developer,N/A,"Lahore, Punjab, Pakistan",https://pk.linkedin.com/jobs/view/trainee-back-end-developer-at-tekvaly-4173056013?position=10&pageNum=0&refId=YwIz2hzYBNh2w07%2FrfxG6Q%3D%3D&trackingId=BlAaF%2BU7vtbPZD0EQBJ7ZQ%3D%3D
N/A,N/A,N/A,N/A
Junior Full Stack Developer,N/A,"Islamabad, Islāmābād, Pakistan",https://pk.linkedin.com/jobs/view/junior-full-stack-developer-at-xad-technologies-4179008869?position=11&pageNum=0&refId=YwIz2hzYBNh2w07%2FrfxG6Q%3D%3D&trackingId=juiB7wYw114Gblg6sIRF6A%3D%3D
Junior/Mid Level Backend Developer,N/A,"Karāchi, Sindh, Pakistan",https://pk.linkedin.com/jobs/view/junior-mid-level-backend-developer-at-esevel-3917040092?position=12&pageNum=0&refId=YwIz2hzYBNh2w07%2FrfxG6Q%3D%3D&trackingId=umNCmVLCGQrn4eN2foIxWA%3D%3D
Backend Developer-Intern,N/A,"Hyderabad, Sindh, Pakistan",https://pk.linkedin.com/jobs/view/backend-developer-intern-at-base-camp-data-solutions-4184039531?position=13&pageNum=0&refId=YwIz2hzYBNh2w07%2FrfxG6Q%3D%3D&trackingId=nieepre0VyhjK13z5ecX%2Bw%3D%3D
N/A,N/A,N/A,N/A
Fullstack Python Developer,N/A,"Islamabad, Islāmābād, Pakistan",https://pk.linkedin.com/jobs/view/fullstack-python-developer-at-fusemachines-4130493230?position=14&pageNum=0&refId=YwIz2hzYBNh2w07%2FrfxG6Q%3D%3D&trackingId=SIaBGTqqh46RyKxlE%2BOWjA%3D%3D
Backend Developer (Python/Django),N/A,"Karāchi, Sindh, Pakistan",https://pk.linkedin.com/jobs/view/backend-developer-python-django-at-flatgigs-4047940436?position=15&pageNum=0&refId=YwIz2hzYBNh2w07%2FrfxG6Q%3D%3D&trackingId=pFTbp%2BwS0bM1UsriKkmeTg%3D%3D
Senior Software Engineer - Python - Django,N/A,"Lahore, Punjab, Pakistan",https://pk.linkedin.com/jobs/view/senior-software-engineer-python-django-at-devsinc-4125794441?position=16&pageNum=0&refId=YwIz2hzYBNh2w07%2FrfxG6Q%3D%3D&trackingId=qLW2gXgg1XXAxdsCvoQ6jw%3D%3D
N/A,N/A,N/A,N/A
Mid Python Developer,N/A,"Rawalpindi, Punjab, Pakistan",https://pk.linkedin.com/jobs/view/mid-python-developer-at-translation-empire-pk-4182730751?position=17&pageNum=0&refId=YwIz2hzYBNh2w07%2FrfxG6Q%3D%3D&trackingId=aeeF7oq5%2FEozRqJM46HC0w%3D%3D
ETL Developer (Python),N/A,Pakistan,https://pk.linkedin.com/jobs/view/etl-developer-python-at-bush-and-bush-law-group-4188963782?position=18&pageNum=0&refId=YwIz2hzYBNh2w07%2FrfxG6Q%3D%3D&trackingId=00JHeD8L2L2S6UKOqjuLjA%3D%3D
Junior Back End Developer,N/A,"Islamabad, Islāmābād, Pakistan",https://pk.linkedin.com/jobs/view/junior-back-end-developer-at-translation-empire-pk-4171866316?position=19&pageNum=0&refId=YwIz2hzYBNh2w07%2FrfxG6Q%3D%3D&trackingId=MW2SNgCNzjKxh8C94afkYg%3D%3D
Senior Python Developer,N/A,"Lahore, Punjab, Pakistan",https://pk.linkedin.com/jobs/view/senior-python-developer-at-devsinc-4124578766?position=20&pageNum=0&refId=YwIz2hzYBNh2w07%2FrfxG6Q%3D%3D&trackingId=riz%2FiIOIlb0lVjfgeaGUPQ%3D%3D
N/A,N/A,N/A,N/A
Remote Python Developer - 17852,N/A,Pakistan,https://pk.linkedin.com/jobs/view/remote-python-developer-17852-at-turing-4185972603?position=21&pageNum=0&refId=YwIz2hzYBNh2w07%2FrfxG6Q%3D%3D&trackingId=2U1aIdHkbZLnitBQg3roSw%3D%3D
N/A,N/A,N/A,N/A
Remote Python Developer - 17852,N/A,Pakistan,https://pk.linkedin.com/jobs/view/remote-python-developer-17852-at-turing-4185976443?position=22&pageNum=0&refId=YwIz2hzYBNh2w07%2FrfxG6Q%3D%3D&trackingId=QWJTsvRF3Rcl94Ub5T%2FKbA%3D%3D
N/A,N/A,N/A,N/A
ETL Developer (Python),N/A,"Islamabad, Islāmābād, Pakistan",https://pk.linkedin.com/jobs/view/etl-developer-python-at-bush-and-bush-law-group-4188964763?position=23&pageNum=0&refId=YwIz2hzYBNh2w07%2FrfxG6Q%3D%3D&trackingId=1ca%2BWbXIOJET%2FtjtpZKfsQ%3D%3D
Remote Python Developer - 17852,N/A,Pakistan,https://pk.linkedin.com/jobs/view/remote-python-developer-17852-at-turing-4185972583?position=24&pageNum=0&refId=YwIz2hzYBNh2w07%2FrfxG6Q%3D%3D&trackingId=Gw4OyUXmqyZyD%2FSQQocepQ%3D%3D
N/A,N/A,N/A,N/A
Python Developer,N/A,"Bahawalpur, Punjab, Pakistan",https://pk.linkedin.com/jobs/view/python-developer-at-algotix-ai-4177847082?position=25&pageNum=0&refId=YwIz2hzYBNh2w07%2FrfxG6Q%3D%3D&trackingId=31MHM%2Bn9FiW6xAR%2F%2Fxn38A%3D%3D
N/A,N/A,N/A,N/A
Remote Python Developer - 17852,N/A,Pakistan,https://pk.linkedin.com/jobs/view/remote-python-developer-17852-at-turing-4185975476?position=26&pageNum=0&refId=YwIz2hzYBNh2w07%2FrfxG6Q%3D%3D&trackingId=Sp383JhtgB8weyC8cpD7ng%3D%3D
N/A,N/A,N/A,N/A
Full Stack Python Developer,N/A,"Johar Town, Punjab, Pakistan",https://pk.linkedin.com/jobs/view/full-stack-python-developer-at-tiksom-limited-4094469563?position=27&pageNum=0&refId=YwIz2hzYBNh2w07%2FrfxG6Q%3D%3D&trackingId=hTV2KA5t5jjDkeECXjhwhQ%3D%3D
N/A,N/A,N/A,N/A
Senior Software Engineer - Python/React,N/A,"Lahore, Punjab, Pakistan",https://pk.linkedin.com/jobs/view/senior-software-engineer-python-react-at-devsinc-4145799578?position=28&pageNum=0&refId=YwIz2hzYBNh2w07%2FrfxG6Q%3D%3D&trackingId=R%2F10T%2FvqRqRXDMw3oQJaow%3D%3D
N/A,N/A,N/A,N/A
Remote Python Developer - 17852,N/A,Pakistan,https://pk.linkedin.com/jobs/view/remote-python-developer-17852-at-turing-4185974529?position=29&pageNum=0&refId=YwIz2hzYBNh2w07%2FrfxG6Q%3D%3D&trackingId=1Ds%2BcblsppClkZ4QZoDJ1w%3D%3D
N/A,N/A,N/A,N/A
Web Developer - Freelance,N/A,Pakistan,https://pk.linkedin.com/jobs/view/web-developer-freelance-at-ds42-ltd-4187460679?position=30&pageNum=0&refId=YwIz2hzYBNh2w07%2FrfxG6Q%3D%3D&trackingId=m0iJGadjppfX2c4nUefHLw%3D%3D
Remote Python Developer - 17852,N/A,Pakistan,https://pk.linkedin.com/jobs/view/remote-python-developer-17852-at-turing-4185972632?position=31&pageNum=0&refId=YwIz2hzYBNh2w07%2FrfxG6Q%3D%3D&trackingId=DY8no6qYYerStv46%2FloG8w%3D%3D
N/A,N/A,N/A,N/A
Remote Python Developer - 17852,N/A,Pakistan,https://pk.linkedin.com/jobs/view/remote-python-developer-17852-at-turing-4185977292?position=32&pageNum=0&refId=YwIz2hzYBNh2w07%2FrfxG6Q%3D%3D&trackingId=rwlBhad2V2RX3BDsgkd4NQ%3D%3D
N/A,N/A,N/A,N/A
Senior Fullstack Python Developer,N/A,"Lahore, Punjab, Pakistan",https://pk.linkedin.com/jobs/view/senior-fullstack-python-developer-at-devsinc-4158183808?position=33&pageNum=0&refId=YwIz2hzYBNh2w07%2FrfxG6Q%3D%3D&trackingId=perJdwmi%2FkZwEoGzJi8QjQ%3D%3D
N/A,N/A,N/A,N/A
Remote Python Developer - 17852,N/A,Pakistan,https://pk.linkedin.com/jobs/view/remote-python-developer-17852-at-turing-4185976487?position=34&pageNum=0&refId=YwIz2hzYBNh2w07%2FrfxG6Q%3D%3D&trackingId=DiudOmJItTCfvzA2PbV0qQ%3D%3D
N/A,N/A,N/A,N/A
Remote Python Developer - 17852,N/A,Pakistan,https://pk.linkedin.com/jobs/view/remote-python-developer-17852-at-turing-4185978157?position=35&pageNum=0&refId=YwIz2hzYBNh2w07%2FrfxG6Q%3D%3D&trackingId=uH9LduI2HxSGZ0gAhjc7vg%3D%3D
N/A,N/A,N/A,N/A
Full Stack Developer,N/A,"Karāchi, Sindh, Pakistan",https://pk.linkedin.com/jobs/view/full-stack-developer-at-digital-auxilius-4188469382?position=36&pageNum=0&refId=YwIz2hzYBNh2w07%2FrfxG6Q%3D%3D&trackingId=r73eEKmwcTbE8j1RBR2AkQ%3D%3D
Remote Python Developer - 17852,N/A,Pakistan,https://pk.linkedin.com/jobs/view/remote-python-developer-17852-at-turing-4185975554?position=37&pageNum=0&refId=YwIz2hzYBNh2w07%2FrfxG6Q%3D%3D&trackingId=ecxxCue%2Bv%2B98hr4wTyk6JA%3D%3D
N/A,N/A,N/A,N/A
Remote Python Developer - 17852,N/A,Pakistan,https://pk.linkedin.com/jobs/view/remote-python-developer-17852-at-turing-4185979050?position=38&pageNum=0&refId=YwIz2hzYBNh2w07%2FrfxG6Q%3D%3D&trackingId=E4bqO%2Be3CyL4X9FqtMigJA%3D%3D
N/A,N/A,N/A,N/A
Remote Python Developer - 17852,N/A,"Karāchi, Sindh, Pakistan",https://pk.linkedin.com/jobs/view/remote-python-developer-17852-at-turing-4185971983?position=39&pageNum=0&refId=YwIz2hzYBNh2w07%2FrfxG6Q%3D%3D&trackingId=RA72ld33HHuIQZfH0X0KZA%3D%3D
N/A,N/A,N/A,N/A
Remote Python Developer - 17852,N/A,Pakistan,https://pk.linkedin.com/jobs/view/remote-python-developer-17852-at-turing-4185975539?position=40&pageNum=0&refId=YwIz2hzYBNh2w07%2FrfxG6Q%3D%3D&trackingId=pA%2F%2Bi%2FVudH9XKh1KesIgKg%3D%3D
N/A,N/A,N/A,N/A
Senior Python Developer,N/A,"Rawalpindi, Punjab, Pakistan",https://pk.linkedin.com/jobs/view/senior-python-developer-at-translation-empire-pk-4182741967?position=41&pageNum=0&refId=YwIz2hzYBNh2w07%2FrfxG6Q%3D%3D&trackingId=d2Eg8jkrsL6q5hhUexsS1Q%3D%3D
Remote Python Developer - 17852,N/A,Pakistan,https://pk.linkedin.com/jobs/view/remote-python-developer-17852-at-turing-4185974413?position=42&pageNum=0&refId=YwIz2hzYBNh2w07%2FrfxG6Q%3D%3D&trackingId=meoDBPa6vRfFNk35FQzCVw%3D%3D
N/A,N/A,N/A,N/A
Full Stack Developer Intern,N/A,"Lahore, Punjab, Pakistan",https://pk.linkedin.com/jobs/view/full-stack-developer-intern-at-kryptomind-llc-4051596789?position=43&pageNum=0&refId=YwIz2hzYBNh2w07%2FrfxG6Q%3D%3D&trackingId=drFJyoyjhBdHlg9smbyymg%3D%3D
N/A,N/A,N/A,N/A
Remote Python Developer - 17852,N/A,"Karāchi, Sindh, Pakistan",https://pk.linkedin.com/jobs/view/remote-python-developer-17852-at-turing-4185973736?position=44&pageNum=0&refId=YwIz2hzYBNh2w07%2FrfxG6Q%3D%3D&trackingId=6gKoUs2UMWwji2jNpnqC2g%3D%3D
N/A,N/A,N/A,N/A
Back-end Developer,N/A,"Karāchi, Sindh, Pakistan",https://pk.linkedin.com/jobs/view/back-end-developer-at-flatgigs-3992080597?position=45&pageNum=0&refId=YwIz2hzYBNh2w07%2FrfxG6Q%3D%3D&trackingId=AZSdBQYzXWI6ucyj6%2BCDjw%3D%3D
Remote Python Developer - 17852,N/A,"Karāchi, Sindh, Pakistan",https://pk.linkedin.com/jobs/view/remote-python-developer-17852-at-turing-4185971984?position=46&pageNum=0&refId=YwIz2hzYBNh2w07%2FrfxG6Q%3D%3D&trackingId=oHiJrjJYQ3YhgVrI986K2Q%3D%3D
N/A,N/A,N/A,N/A
Back End Software Engineer,N/A,Pakistan,https://pk.linkedin.com/jobs/view/back-end-software-engineer-at-alexa-translations-4172861647?position=47&pageNum=0&refId=YwIz2hzYBNh2w07%2FrfxG6Q%3D%3D&trackingId=fA8jZ0m3vb%2FtLFnpJxwd7Q%3D%3D
Remote Python Developer - 17852,N/A,"Karāchi, Sindh, Pakistan",https://pk.linkedin.com/jobs/view/remote-python-developer-17852-at-turing-4185979255?position=48&pageNum=0&refId=YwIz2hzYBNh2w07%2FrfxG6Q%3D%3D&trackingId=ntQXlgQJLdmIcy%2BQZqq5jg%3D%3D
N/A,N/A,N/A,N/A
Software Developer,N/A,"Islamabad, Islāmābād, Pakistan",https://pk.linkedin.com/jobs/view/software-developer-at-contour-software-4187257099?position=49&pageNum=0&refId=YwIz2hzYBNh2w07%2FrfxG6Q%3D%3D&trackingId=JCIruRp7ueupQr7dRW00cQ%3D%3D
N/A,N/A,N/A,N/A
Backend Software Engineer,N/A,Pakistan,https://pk.linkedin.com/jobs/view/backend-software-engineer-at-soum-4104748520?position=50&pageNum=0&refId=YwIz2hzYBNh2w07%2FrfxG6Q%3D%3D&trackingId=0U8CvYvnQL6GcE1%2Fk21yxg%3D%3D
Remote Python Developer - 17852,N/A,"Karāchi, Sindh, Pakistan",https://pk.linkedin.com/jobs/view/remote-python-developer-17852-at-turing-4185974776?position=51&pageNum=0&refId=YwIz2hzYBNh2w07%2FrfxG6Q%3D%3D&trackingId=mHX%2FMiY6ujarHZYUOUh8pA%3D%3D
N/A,N/A,N/A,N/A
Senior Python Developer,N/A,"Lahore, Punjab, Pakistan",https://pk.linkedin.com/jobs/view/senior-python-developer-at-siliconfort-llc-4130383572?position=52&pageNum=0&refId=YwIz2hzYBNh2w07%2FrfxG6Q%3D%3D&trackingId=8%2F4qnNafXy4EvLz1Y1Tnnw%3D%3D
Remote Python Developer - 17852,N/A,"Karāchi, Sindh, Pakistan",https://pk.linkedin.com/jobs/view/remote-python-developer-17852-at-turing-4185977475?position=53&pageNum=0&refId=YwIz2hzYBNh2w07%2FrfxG6Q%3D%3D&trackingId=m%2FrfktSnc28NZXVwl2EZBQ%3D%3D
N/A,N/A,N/A,N/A
Remote Python Developer - 17852,N/A,"Karāchi, Sindh, Pakistan",https://pk.linkedin.com/jobs/view/remote-python-developer-17852-at-turing-4185975724?position=54&pageNum=0&refId=YwIz2hzYBNh2w07%2FrfxG6Q%3D%3D&trackingId=Z%2F3Lbh6fVHEG4sjlKpoVWg%3D%3D
N/A,N/A,N/A,N/A
Web Developer,N/A,Pakistan,https://pk.linkedin.com/jobs/view/web-developer-at-xraised-4184822194?position=55&pageNum=0&refId=YwIz2hzYBNh2w07%2FrfxG6Q%3D%3D&trackingId=g7bUGOK5CQyjD7goPQEqvw%3D%3D
Principal Software Engineer - Python,N/A,"Islamabad, Islāmābād, Pakistan",https://pk.linkedin.com/jobs/view/principal-software-engineer-python-at-creative-chaos-3590298740?position=56&pageNum=0&refId=YwIz2hzYBNh2w07%2FrfxG6Q%3D%3D&trackingId=vosygwNL7UNR31iYbjkWxA%3D%3D
N/A,N/A,N/A,N/A
Web Developer,N/A,Pakistan,https://pk.linkedin.com/jobs/view/web-developer-at-bookspert-4184820449?position=57&pageNum=0&refId=YwIz2hzYBNh2w07%2FrfxG6Q%3D%3D&trackingId=fHC9TAW43eZZD90vALuf6w%3D%3D
Remote Python Developer - 17852,N/A,"Karāchi, Sindh, Pakistan",https://pk.linkedin.com/jobs/view/remote-python-developer-17852-at-turing-4185971986?position=58&pageNum=0&refId=YwIz2hzYBNh2w07%2FrfxG6Q%3D%3D&trackingId=5n%2BPcWPYTlsoeMK8gKmaLA%3D%3D
N/A,N/A,N/A,N/A
Remote Python Developer - 17852,N/A,"Karāchi, Sindh, Pakistan",https://pk.linkedin.com/jobs/view/remote-python-developer-17852-at-turing-4185972773?position=59&pageNum=0&refId=YwIz2hzYBNh2w07%2FrfxG6Q%3D%3D&trackingId=9Jb9%2BCNVj0A4GeHTPJjnEA%3D%3D
N/A,N/A,N/A,N/A
N/A,N/A,N/A,N/A
N/A,N/A,N/A,https://www.linkedin.com/login?session_redirect=https%3A%2F%2Fwww%2Elinkedin%2Ecom%2Fsearch%2Fresults%2Fpeople%2F%3FfacetCurrentCompany%3D18750480&emailAddress=&fromSignIn=&trk=public_jobs_find-a-referral-cta
N/A,N/A,N/A,N/A
N/A,N/A,N/A,N/A
N/A,N/A,N/A,N/A
N/A,N/A,N/A,N/A
